symbol,symbolName,lastPrice,priceChange,percentChange,highPrice,lowPrice,volume,tradeTime,symbolCode,hasOptions,symbolType,raw
"A","Agilent Technologies","103.37","+2.20","+2.17%","104.20","101.94","2,218,242","10/31/23","STK","Yes","1","[object Object]"
"AAL","American Airlines Gp","11.15","-0.03","-0.27%","11.16","10.86","41,996,445","16:19 ET","STK","Yes","1","[object Object]"
"AAPL","Apple Inc","170.77","+0.48","+0.28%","170.90","167.90","43,499,750","16:19 ET","STK","Yes","1","[object Object]"
"ABBV","Abbvie Inc","141.18","-0.71","-0.50%","142.22","139.68","10,322,754","10/31/23","STK","Yes","1","[object Object]"
"ABNB","Airbnb Inc Cl A","118.29","+1.34","+1.15%","118.69","114.91","4,627,429","16:18 ET","STK","Yes","1","[object Object]"
"ABT","Abbott Laboratories","94.55","+1.55","+1.67%","94.90","93.12","7,451,411","10/31/23","STK","Yes","1","[object Object]"
"ACGL","Arch Capital Grp Ltd","86.68","+3.80","+4.58%","87.50","85.00","2,961,406","16:13 ET","STK","Yes","1","[object Object]"
"ACN","Accenture Plc","297.09","+4.39","+1.50%","297.28","293.08","1,953,276","10/31/23","STK","Yes","1","[object Object]"
"ADBE","Adobe Systems Inc","532.06","+5.12","+0.97%","532.64","522.81","2,009,185","16:18 ET","STK","Yes","1","[object Object]"
"ADI","Analog Devices","157.33","+1.45","+0.93%","157.64","155.16","3,115,385","16:18 ET","STK","Yes","1","[object Object]"
"ADM","Archer Daniels Midland","71.57","+0.15","+0.21%","72.02","71.30","2,587,248","10/31/23","STK","Yes","1","[object Object]"
"ADP","Automatic Data Procs","218.22","+2.14","+0.99%","218.95","215.25","2,522,155","16:18 ET","STK","Yes","1","[object Object]"
"ADSK","Autodesk Inc","197.63","-0.16","-0.08%","198.63","195.32","1,043,516","16:17 ET","STK","Yes","1","[object Object]"
"AEE","Ameren Corp","75.71","+0.67","+0.89%","75.93","74.66","1,546,770","10/31/23","STK","Yes","1","[object Object]"
"AEP","American Electric Power Company","75.54","+0.13","+0.17%","75.85","74.93","4,083,012","16:18 ET","STK","Yes","1","[object Object]"
"AES","The Aes Corp","14.90","-0.05","-0.33%","14.93","14.67","8,879,570","10/31/23","STK","Yes","1","[object Object]"
"AFL","Aflac Inc","78.11","+0.71","+0.92%","78.35","77.09","6,581,392","10/31/23","STK","Yes","1","[object Object]"
"AIG","American International Group","61.31","+0.31","+0.51%","61.55","60.82","3,987,814","10/31/23","STK","Yes","1","[object Object]"
"AIZ","Assurant Inc","148.90","+2.47","+1.69%","149.09","146.43","421,140","10/31/23","STK","Yes","1","[object Object]"
"AJG","Arthur J. Gallagher & Company","235.49","+1.76","+0.75%","236.75","233.33","908,159","10/31/23","STK","Yes","1","[object Object]"
"AKAM","Akamai Technologies","103.33","+0.76","+0.74%","103.68","102.54","1,104,629","16:18 ET","STK","Yes","1","[object Object]"
"ALB","Albemarle Corp","126.78","-0.63","-0.49%","127.35","123.17","6,570,589","10/31/23","STK","Yes","1","[object Object]"
"ALGN","Align Technology","184.59","-2.15","-1.15%","189.54","183.50","1,210,032","16:18 ET","STK","Yes","1","[object Object]"
"ALK","Alaska Air Group","31.63","-0.17","-0.53%","31.80","31.09","2,356,115","10/31/23","STK","Yes","1","[object Object]"
"ALL","Allstate Corp","128.13","+2.66","+2.12%","128.64","125.63","2,427,674","10/31/23","STK","Yes","1","[object Object]"
"ALLE","Allegion Plc","98.36","+0.65","+0.67%","104.99","95.97","2,026,851","10/31/23","STK","Yes","1","[object Object]"
"AMAT","Applied Materials","132.35","+1.32","+1.01%","132.55","129.21","4,106,627","16:16 ET","STK","Yes","1","[object Object]"
"AMCR","Amcor Plc","8.89","+0.03","+0.34%","8.95","8.82","11,649,768","10/31/23","STK","Yes","1","[object Object]"
"AMD","Adv Micro Devices","98.50","+2.32","+2.41%","98.82","94.07","67,765,039","16:19 ET","STK","Yes","1","[object Object]"
"AME","Ametek Inc","140.77","+0.65","+0.46%","143.41","136.89","1,428,607","10/31/23","STK","Yes","1","[object Object]"
"AMGN","Amgen Inc","255.70","-7.49","-2.85%","257.42","249.70","4,758,194","16:18 ET","STK","Yes","1","[object Object]"
"AMP","Ameriprise Financial Services","314.57","-1.27","-0.40%","317.00","311.11","629,070","10/31/23","UIT","Yes","11","[object Object]"
"AMT","American Tower Corp","178.19","+5.55","+3.21%","178.65","174.00","2,930,592","10/31/23","STK","Yes","1","[object Object]"
"AMZN","Amazon.com Inc","133.09","+0.38","+0.29%","133.57","131.71","48,948,617","16:19 ET","STK","Yes","1","[object Object]"
"ANET","Arista Networks Inc","200.37","+24.65","+14.03%","201.45","187.68","8,796,304","10/31/23","STK","Yes","1","[object Object]"
"ANSS","Ansys Inc","278.26","+3.12","+1.13%","280.52","274.70","575,673","16:18 ET","STK","Yes","1","[object Object]"
"AON","AON Plc","309.40","+0.61","+0.20%","310.60","306.73","1,347,995","10/31/23","STK","Yes","1","[object Object]"
"AOS","Smith A.O. Corp","69.76","+0.27","+0.39%","70.31","69.37","1,358,406","10/31/23","STK","Yes","1","[object Object]"
"APA","Apa Corp","39.72","+0.04","+0.10%","39.96","39.18","3,637,589","16:18 ET","STK","Yes","1","[object Object]"
"APD","Air Products and Chemicals","282.44","+1.74","+0.62%","283.83","278.59","855,587","10/31/23","STK","Yes","1","[object Object]"
"APH","Amphenol Corp","80.55","+0.57","+0.71%","80.82","79.50","2,780,839","10/31/23","STK","Yes","1","[object Object]"
"APTV","Aptiv Plc","87.20","+0.81","+0.94%","87.61","85.83","2,636,212","10/31/23","STK","Yes","1","[object Object]"
"ARE","Alexandria Real Estate Equities","93.13","+0.10","+0.11%","93.97","90.73","1,404,714","10/31/23","STK","Yes","1","[object Object]"
"ATO","Atmos Energy Corp","107.66","+1.22","+1.15%","108.11","106.69","1,380,538","10/31/23","STK","Yes","1","[object Object]"
"AVB","Avalonbay Communities","165.74","+3.09","+1.90%","165.82","161.99","1,080,857","10/31/23","STK","Yes","1","[object Object]"
"AVGO","Broadcom Ltd","841.37","+0.12","+0.01%","845.50","832.60","1,445,943","16:19 ET","STK","Yes","1","[object Object]"
"AVY","Avery Dennison Corp","174.07","+1.44","+0.83%","174.46","171.75","428,006","10/31/23","STK","Yes","1","[object Object]"
"AWK","American Water Works","117.65","+0.94","+0.81%","118.12","116.32","1,452,330","10/31/23","STK","Yes","1","[object Object]"
"AXON","Axon Enterprise Inc","204.49","+2.76","+1.37%","205.62","199.50","350,454","16:15 ET","STK","Yes","1","[object Object]"
"AXP","American Express Company","146.03","+2.76","+1.93%","146.68","143.07","3,719,830","10/31/23","STK","Yes","1","[object Object]"
"AZO","Autozone","2,477.13","+7.43","+0.30%","2,488.28","2,465.00","87,458","10/31/23","STK","Yes","1","[object Object]"
"BA","Boeing Company","186.82","+4.47","+2.45%","187.29","181.32","5,018,210","10/31/23","STK","Yes","1","[object Object]"
"BAC","Bank of America Corp","26.34","+0.65","+2.53%","26.38","25.72","49,567,965","10/31/23","STK","Yes","1","[object Object]"
"BALL","Ball Corporation","48.15","+0.24","+0.50%","48.56","47.66","2,687,100","10/31/23","STK","Yes","1","[object Object]"
"BAX","Baxter International Inc","32.43","+0.39","+1.22%","32.49","32.06","5,732,010","10/31/23","STK","Yes","1","[object Object]"
"BBWI","Bath & Body Works Inc","29.65","+0.47","+1.61%","29.83","28.90","2,867,425","10/31/23","STK","Yes","1","[object Object]"
"BBY","Best Buy Company","66.82","+2.33","+3.61%","67.10","64.50","2,976,258","10/31/23","STK","Yes","1","[object Object]"
"BDX","Becton Dickinson and Company","252.78","+1.69","+0.67%","253.88","250.32","1,959,344","10/31/23","STK","Yes","1","[object Object]"
"BEN","Franklin Resources","22.79","+0.28","+1.24%","23.66","21.88","11,461,310","10/31/23","UIT","Yes","11","[object Object]"
"BF.B","Brown Forman Inc Cl B","56.16","+0.93","+1.68%","56.27","55.25","3,288,715","10/31/23","STK","Yes","1","[object Object]"
"BG","Bunge Ltd","105.98","-0.48","-0.45%","106.98","105.18","1,042,613","10/31/23","STK","Yes","1","[object Object]"
"BIIB","Biogen Inc","237.54","+0.33","+0.14%","239.00","236.07","681,294","16:17 ET","STK","Yes","1","[object Object]"
"BIO","Bio-Rad Laboratories","275.28","+5.91","+2.19%","284.74","272.62","243,726","10/31/23","STK","Yes","1","[object Object]"
"BK","Bank of New York Mellon Corp","42.50","+0.16","+0.38%","42.65","42.18","3,661,991","10/31/23","STK","Yes","1","[object Object]"
"BKNG","Booking Holdings Inc","2,789.56","+1.31","+0.05%","2,798.77","2,765.02","217,198","16:18 ET","STK","Yes","1","[object Object]"
"BKR","Baker Hughes Company","34.42","-0.54","-1.54%","35.10","34.15","6,800,721","16:18 ET","STK","Yes","1","[object Object]"
"BLK","Blackrock Inc","612.28","+5.16","+0.85%","612.87","604.41","507,875","10/31/23","UIT","Yes","11","[object Object]"
"BMY","Bristol-Myers Squibb Company","51.53","+0.28","+0.55%","51.66","50.67","14,604,156","10/31/23","STK","Yes","1","[object Object]"
"BR","Broadridge Financial Solutions Llc","170.64","+1.17","+0.69%","171.26","169.49","487,833","10/31/23","STK","Yes","1","[object Object]"
"BRK.B","Berkshire Hathaway Cl B","341.33","+3.92","+1.16%","341.49","337.50","2,981,995","10/31/23","STK","Yes","1","[object Object]"
"BRO","Brown & Brown","69.42","+0.55","+0.80%","69.82","68.64","2,462,853","10/31/23","STK","Yes","1","[object Object]"
"BSX","Boston Scientific Corp","51.19","+1.14","+2.28%","51.46","50.26","9,978,624","10/31/23","STK","Yes","1","[object Object]"
"BWA","Borgwarner Inc","36.90","+0.19","+0.52%","37.41","36.66","2,565,569","10/31/23","STK","Yes","1","[object Object]"
"BX","Blackstone Inc","92.35","-0.03","-0.03%","92.63","91.14","2,758,363","10/31/23","STK","Yes","1","[object Object]"
"BXP","Boston Properties","53.57","+0.26","+0.49%","54.19","52.63","1,471,688","10/31/23","STK","Yes","1","[object Object]"
"C","Citigroup Inc","39.49","+0.56","+1.44%","39.53","38.92","16,268,008","10/31/23","STK","Yes","1","[object Object]"
"CAG","Conagra Brands Inc","27.36","+0.13","+0.48%","27.49","27.20","4,278,921","10/31/23","STK","Yes","1","[object Object]"
"CAH","Cardinal Health","91.00","-0.04","-0.04%","91.44","90.19","3,349,047","10/31/23","STK","Yes","1","[object Object]"
"CARR","Carrier Global Corp","47.66","+0.29","+0.61%","48.09","47.12","4,927,412","10/31/23","STK","Yes","1","[object Object]"
"CAT","Caterpillar Inc","226.05","-16.11","-6.65%","230.54","223.76","12,051,356","10/31/23","STK","Yes","1","[object Object]"
"CB","Chubb Ltd","214.62","+0.92","+0.43%","215.67","212.82","3,297,043","10/31/23","STK","Yes","1","[object Object]"
"CBOE","CBOE Global Markets Inc","163.89","+0.39","+0.24%","165.03","163.00","761,249","10/31/23","STK","Yes","1","[object Object]"
"CBRE","CBRE Group Inc","69.34","+1.84","+2.73%","70.11","67.81","4,104,213","10/31/23","STK","Yes","1","[object Object]"
"CCI","Crown Castle Inc","92.98","+2.80","+3.10%","93.21","90.81","3,558,854","10/31/23","STK","Yes","1","[object Object]"
"CCL","Carnival Corp","11.46","+0.06","+0.53%","11.48","11.10","25,618,848","10/31/23","STK","Yes","1","[object Object]"
"CDAY","Ceridian Hcm Holding Inc","64.01","+0.87","+1.38%","64.45","62.88","1,807,911","10/31/23","STK","Yes","1","[object Object]"
"CDNS","Cadence Design Sys","239.85","+6.13","+2.62%","240.30","233.51","1,614,165","16:18 ET","STK","Yes","1","[object Object]"
"CDW","CDW Corp","200.40","+3.35","+1.70%","200.79","197.04","790,881","16:15 ET","STK","Yes","1","[object Object]"
"CE","Celanese Corp","114.51","+0.23","+0.20%","115.21","113.98","805,156","10/31/23","STK","Yes","1","[object Object]"
"CEG","Constellation Energy Corp","112.92","-0.11","-0.10%","113.51","111.17","1,942,023","16:18 ET","STK","Yes","1","[object Object]"
"CF","Cf Industries Holdings","79.78","-1.45","-1.79%","81.43","79.73","1,828,624","10/31/23","STK","Yes","1","[object Object]"
"CFG","Citizens Financial Group Inc/Ri","23.43","+0.04","+0.17%","23.50","22.81","6,039,688","10/31/23","STK","Yes","1","[object Object]"
"CHD","Church & Dwight Company","90.94","+0.18","+0.20%","91.31","90.36","1,842,686","10/31/23","STK","Yes","1","[object Object]"
"CHRW","C.H. Robinson Ww","81.83","+1.21","+1.50%","82.22","80.54","1,449,932","16:16 ET","STK","Yes","1","[object Object]"
"CHTR","Charter Communications Inc","402.80","+13.00","+3.34%","405.47","390.34","1,339,836","16:18 ET","STK","Yes","1","[object Object]"
"CI","The Cigna Group","309.20","+3.98","+1.30%","310.09","306.15","1,590,723","10/31/23","STK","Yes","1","[object Object]"
"CINF","Cincinnati Financial","99.67","-0.63","-0.63%","100.60","98.97","1,508,316","16:10 ET","STK","Yes","1","[object Object]"
"CL","Colgate-Palmolive Company","75.12","+1.24","+1.68%","75.28","73.97","7,590,953","10/31/23","STK","Yes","1","[object Object]"
"CLX","Clorox Company","117.70","+1.15","+0.99%","117.77","116.13","2,172,249","10/31/23","STK","Yes","1","[object Object]"
"CMA","Comerica Inc","39.40","+0.70","+1.81%","39.46","38.43","1,691,325","10/31/23","STK","Yes","1","[object Object]"
"CMCSA","Comcast Corp A","41.29","+0.84","+2.08%","41.34","40.67","18,541,959","16:19 ET","STK","Yes","1","[object Object]"
"CME","CME Group Inc","213.46","+2.13","+1.01%","213.65","211.05","1,337,649","16:18 ET","STK","Yes","1","[object Object]"
"CMG","Chipotle Mexican Grill","1,942.20","+32.90","+1.72%","1,958.00","1,900.34","393,350","10/31/23","STK","Yes","1","[object Object]"
"CMI","Cummins Inc","216.30","-1.36","-0.62%","217.40","214.31","1,198,075","10/31/23","STK","Yes","1","[object Object]"
"CMS","Cms Energy Corp","54.34","+0.25","+0.46%","54.51","53.64","2,577,238","10/31/23","STK","Yes","1","[object Object]"
"CNC","Centene Corp","68.98","+1.02","+1.50%","69.04","68.19","2,953,296","10/31/23","STK","Yes","1","[object Object]"
"CNP","Centerpoint Energy Inc","26.88","-0.01","-0.04%","27.09","26.61","4,820,433","10/31/23","STK","Yes","1","[object Object]"
"COF","Capital One Financial Corp","101.29","+0.75","+0.75%","101.83","99.82","2,344,691","10/31/23","STK","Yes","1","[object Object]"
"COO","Cooper Companies","311.75","+2.21","+0.71%","312.58","308.04","320,787","16:10 ET","STK","Yes","1","[object Object]"
"COP","Conocophillips","118.80","+0.66","+0.56%","118.99","116.49","4,491,972","10/31/23","STK","Yes","1","[object Object]"
"COR","Cencora Inc","185.15","-0.26","-0.14%","186.15","182.75","1,653,313","10/31/23","STK","Yes","1","[object Object]"
"COST","Costco Wholesale","552.44","-2.44","-0.44%","554.03","549.06","1,390,325","16:19 ET","STK","Yes","1","[object Object]"
"CPB","Campbell Soup Company","40.41","+0.01","+0.02%","40.60","40.03","1,997,946","10/31/23","STK","Yes","1","[object Object]"
"CPRT","Copart Inc","43.52","+0.40","+0.93%","43.65","42.89","4,476,315","16:18 ET","STK","Yes","1","[object Object]"
"CPT","Camden Property Trust","84.88","+0.95","+1.13%","84.94","82.89","1,067,659","10/31/23","STK","Yes","1","[object Object]"
"CRL","Charles River Laboratories Intl","168.36","+3.84","+2.33%","170.46","165.90","796,773","10/31/23","STK","Yes","1","[object Object]"
"CRM","Salesforce Inc","200.83","+1.56","+0.78%","201.91","198.66","3,354,413","10/31/23","STK","Yes","1","[object Object]"
"CSCO","Cisco Systems Inc","52.13","+0.56","+1.09%","52.17","51.68","13,509,009","16:19 ET","STK","Yes","1","[object Object]"
"CSGP","Costar Group Inc","73.41","+2.62","+3.70%","74.16","71.05","3,514,344","16:10 ET","STK","Yes","1","[object Object]"
"CSX","CSX Corp","29.85","+0.45","+1.53%","29.94","29.28","10,879,503","16:18 ET","STK","Yes","1","[object Object]"
"CTAS","Cintas Corp","507.12","+4.31","+0.86%","508.84","502.48","349,452","16:18 ET","STK","Yes","1","[object Object]"
"CTLT","Catalent Inc","34.39","-5.53","-13.85%","35.32","31.91","11,384,267","10/31/23","STK","Yes","1","[object Object]"
"CTRA","Coterra Energy Inc","27.50","+0.17","+0.62%","27.61","27.19","7,941,487","10/31/23","STK","Yes","1","[object Object]"
"CTSH","Cognizant Tech Sol","64.47","+0.72","+1.13%","64.59","63.93","3,117,613","16:18 ET","STK","Yes","1","[object Object]"
"CTVA","Corteva Inc","48.14","-0.08","-0.17%","48.34","47.33","3,755,165","10/31/23","STK","Yes","1","[object Object]"
"CVS","CVS Corp","69.01","+1.00","+1.47%","69.15","68.19","8,902,209","10/31/23","STK","Yes","1","[object Object]"
"CVX","Chevron Corp","145.73","-0.36","-0.25%","146.52","144.23","14,192,821","10/31/23","STK","Yes","1","[object Object]"
"CZR","Caesars Entertainment Inc","39.89","-0.20","-0.50%","40.54","39.62","4,645,717","16:19 ET","STK","Yes","1","[object Object]"
"D","Dominion Energy Inc","40.32","+0.32","+0.80%","40.36","39.54","8,975,543","10/31/23","STK","Yes","1","[object Object]"
"DAL","Delta Air Lines Inc","31.25","+0.02","+0.06%","31.32","30.76","8,965,311","10/31/23","STK","Yes","1","[object Object]"
"DD","Dupont Denemours Inc","72.88","-0.01","-0.01%","73.23","72.77","2,898,161","10/31/23","STK","Yes","1","[object Object]"
"DE","Deere & Company","365.36","-2.44","-0.66%","365.90","359.39","1,231,889","10/31/23","STK","Yes","1","[object Object]"
"DFS","Discover Financial Services","82.08","+0.94","+1.16%","82.37","81.09","1,644,374","10/31/23","STK","Yes","1","[object Object]"
"DG","Dollar General Corp","119.04","-0.89","-0.74%","120.77","118.95","2,246,349","10/31/23","STK","Yes","1","[object Object]"
"DGX","Quest Diagnostics Inc","130.10","+0.69","+0.53%","131.44","128.50","969,450","10/31/23","STK","Yes","1","[object Object]"
"DHI","D.R. Horton","104.40","+2.27","+2.22%","104.78","102.23","1,903,841","10/31/23","STK","Yes","1","[object Object]"
"DHR","Danaher Corp","192.02","+6.92","+3.74%","195.09","188.75","5,208,019","10/31/23","STK","Yes","1","[object Object]"
"DIS","Walt Disney Company","81.59","+0.91","+1.13%","81.67","80.33","8,661,723","10/31/23","STK","Yes","1","[object Object]"
"DLR","Digital Realty Trust","124.36","+2.28","+1.87%","124.76","121.78","1,756,681","10/31/23","STK","Yes","1","[object Object]"
"DLTR","Dollar Tree Inc","111.09","+1.24","+1.13%","111.44","108.95","1,430,039","16:18 ET","STK","Yes","1","[object Object]"
"DOV","Dover Corp","129.95","+1.53","+1.19%","129.99","127.25","946,555","10/31/23","STK","Yes","1","[object Object]"
"DOW","Dow Inc","48.34","unch","unch","48.79","48.11","4,659,494","10/31/23","STK","Yes","1","[object Object]"
"DPZ","Domino's Pizza Inc","338.99","+0.28","+0.08%","341.72","335.30","788,394","10/31/23","STK","Yes","1","[object Object]"
"DRI","Darden Restaurants","145.53","+2.18","+1.52%","145.88","142.88","1,049,843","10/31/23","STK","Yes","1","[object Object]"
"DTE","Dte Energy Company","96.38","+0.07","+0.07%","97.09","95.52","1,868,815","10/31/23","STK","Yes","1","[object Object]"
"DUK","Duke Energy Corp","88.89","+0.99","+1.13%","88.93","87.91","3,094,254","10/31/23","STK","Yes","1","[object Object]"
"DVA","Davita Healthcare Partners Inc","77.23","+0.59","+0.77%","77.78","76.17","1,030,113","10/31/23","STK","Yes","1","[object Object]"
"DVN","Devon Energy Corp","46.57","+0.40","+0.87%","46.60","45.65","5,841,455","10/31/23","STK","Yes","1","[object Object]"
"DXCM","Dexcom Inc","88.83","+3.92","+4.62%","89.47","85.41","5,390,845","16:16 ET","STK","Yes","1","[object Object]"
"EA","Electronic Arts Inc","123.79","+2.48","+2.04%","124.48","121.63","2,300,415","16:18 ET","STK","Yes","1","[object Object]"
"EBAY","Ebay Inc","39.23","+0.59","+1.53%","39.32","38.49","6,287,805","16:18 ET","STK","Yes","1","[object Object]"
"ECL","Ecolab Inc","167.74","+8.59","+5.40%","168.56","159.15","2,578,474","10/31/23","STK","Yes","1","[object Object]"
"ED","Consolidated Edison Company","87.79","+0.31","+0.35%","88.28","86.96","2,475,797","10/31/23","STK","Yes","1","[object Object]"
"EFX","Equifax Inc","169.57","+5.55","+3.38%","170.31","165.32","700,110","10/31/23","STK","Yes","1","[object Object]"
"EG","Everest Re Group","395.62","+2.98","+0.76%","397.90","393.19","419,058","10/31/23","STK","Yes","1","[object Object]"
"EIX","Edison International","63.06","+0.36","+0.57%","63.42","62.40","2,122,102","10/31/23","STK","Yes","1","[object Object]"
"EL","Estee Lauder Companies","128.87","+0.90","+0.70%","129.11","126.12","3,117,641","10/31/23","STK","Yes","1","[object Object]"
"ELV","Elevance Health Inc","450.09","+2.07","+0.46%","452.28","448.29","1,253,707","10/31/23","STK","Yes","1","[object Object]"
"EMN","Eastman Chemical Company","74.73","-0.46","-0.61%","75.84","74.71","1,201,009","10/31/23","STK","Yes","1","[object Object]"
"EMR","Emerson Electric Company","88.97","+0.52","+0.59%","89.07","88.05","4,904,086","10/31/23","STK","Yes","1","[object Object]"
"ENPH","Enphase Energy Inc","79.58","+0.92","+1.17%","80.79","78.19","5,772,524","16:19 ET","STK","Yes","1","[object Object]"
"EOG","Eog Resources","126.25","+0.80","+0.64%","126.64","124.25","2,368,065","10/31/23","STK","Yes","1","[object Object]"
"EPAM","Epam Systems Inc","217.57","+4.83","+2.27%","220.64","210.01","536,400","10/31/23","STK","Yes","1","[object Object]"
"EQIX","Equinix Inc","729.64","+14.31","+2.00%","730.17","711.56","364,789","16:15 ET","STK","Yes","1","[object Object]"
"EQR","Equity Residential","55.33","+0.87","+1.60%","55.34","53.93","2,719,906","10/31/23","STK","Yes","1","[object Object]"
"EQT","Eqt Corp","42.38","+1.20","+2.91%","42.50","41.06","4,464,709","10/31/23","STK","Yes","1","[object Object]"
"ES","Eversource Energy","53.79","+0.40","+0.75%","54.09","53.04","2,919,294","10/31/23","STK","Yes","1","[object Object]"
"ESS","Essex Property Trust","213.92","+3.88","+1.85%","215.54","208.79","824,840","10/31/23","STK","Yes","1","[object Object]"
"ETN","Eaton Corp","207.91","+10.13","+5.12%","208.88","198.68","4,810,882","10/31/23","STK","Yes","1","[object Object]"
"ETR","Entergy Corp","95.59","+0.82","+0.87%","95.96","94.63","2,471,552","10/31/23","STK","Yes","1","[object Object]"
"ETSY","Etsy Inc","62.30","+0.99","+1.61%","63.31","61.53","2,929,001","16:18 ET","STK","Yes","1","[object Object]"
"EVRG","Evergy Inc","49.14","+0.66","+1.36%","49.22","48.60","3,002,157","16:03 ET","STK","Yes","1","[object Object]"
"EW","Edwards Lifesciences Corp","63.72","+1.36","+2.18%","64.25","62.33","6,485,975","10/31/23","STK","Yes","1","[object Object]"
"EXC","Exelon Corp","38.94","+0.49","+1.27%","38.97","38.42","5,963,254","16:18 ET","STK","Yes","1","[object Object]"
"EXPD","Expeditors Intl","109.25","+0.27","+0.25%","110.03","108.72","1,384,577","16:06 ET","STK","Yes","1","[object Object]"
"EXPE","Expedia Group Inc","95.29","+0.34","+0.36%","95.64","94.11","1,601,358","16:18 ET","STK","Yes","1","[object Object]"
"EXR","Extra Space Storage Inc","103.59","-0.34","-0.33%","105.27","101.75","1,456,966","10/31/23","STK","Yes","1","[object Object]"
"F","Ford Motor Company","9.75","-0.02","-0.20%","9.91","9.63","81,490,672","10/31/23","STK","Yes","1","[object Object]"
"FANG","Diamondback Energy","160.32","+1.89","+1.19%","161.16","157.33","1,342,420","16:18 ET","STK","Yes","1","[object Object]"
"FAST","Fastenal Company","58.34","+0.11","+0.19%","58.92","58.15","4,922,389","16:18 ET","STK","Yes","1","[object Object]"
"FCX","Freeport-Mcmoran Inc","33.78","-0.26","-0.76%","33.92","33.27","9,174,347","10/31/23","STK","Yes","1","[object Object]"
"FDS","Factset Research Systems Inc","431.89","+4.64","+1.09%","433.97","425.33","347,697","10/31/23","STK","Yes","1","[object Object]"
"FDX","Fedex Corp","240.10","+3.28","+1.39%","240.68","236.70","1,533,291","10/31/23","STK","Yes","1","[object Object]"
"FE","Firstenergy Corp","35.60","+0.20","+0.56%","35.67","35.28","2,795,375","10/31/23","STK","Yes","1","[object Object]"
"FFIV","F5 Inc","151.59","+2.37","+1.59%","152.30","149.51","582,698","16:10 ET","STK","Yes","1","[object Object]"
"FI","Fiserv Inc","113.75","+0.81","+0.72%","114.92","113.11","2,970,138","10/31/23","STK","Yes","1","[object Object]"
"FICO","Fair Isaac and Company","845.87","-5.42","-0.64%","853.02","831.55","161,516","10/31/23","STK","Yes","1","[object Object]"
"FIS","Fidelity National Information Services","49.11","+0.70","+1.45%","49.33","47.97","7,476,719","10/31/23","STK","Yes","1","[object Object]"
"FITB","Fifth Third Bancorp","23.71","+0.33","+1.41%","23.83","23.17","4,332,825","16:18 ET","STK","Yes","1","[object Object]"
"FLT","Fleetcor Technologies","225.17","+2.61","+1.17%","225.93","222.67","640,254","10/31/23","STK","Yes","1","[object Object]"
"FMC","FMC Corp","53.20","-4.76","-8.21%","56.33","52.10","3,709,236","10/31/23","STK","Yes","1","[object Object]"
"FOX","Fox Corp Cl B","27.91","+0.69","+2.53%","27.98","27.28","1,212,351","16:12 ET","STK","Yes","1","[object Object]"
"FOXA","Fox Corp Cl A","30.39","+0.80","+2.70%","30.49","29.62","5,647,798","16:11 ET","STK","Yes","1","[object Object]"
"FRT","Federal Realty Investment Trust","91.19","+3.45","+3.93%","92.03","88.25","1,145,158","10/31/23","STK","Yes","1","[object Object]"
"FSLR","First Solar Inc","142.45","+6.13","+4.50%","142.61","136.27","3,654,084","16:19 ET","STK","Yes","1","[object Object]"
"FTNT","Fortinet Inc","57.17","+0.85","+1.51%","57.40","56.08","4,050,037","16:16 ET","STK","Yes","1","[object Object]"
"FTV","Fortive Corp","65.28","+0.24","+0.37%","65.46","64.55","3,057,571","10/31/23","STK","Yes","1","[object Object]"
"GD","General Dynamics Corp","241.31","+2.33","+0.97%","241.79","237.50","2,533,692","10/31/23","STK","Yes","1","[object Object]"
"GE","General Electric Company","108.63","-1.18","-1.07%","109.75","108.08","5,058,788","10/31/23","STK","Yes","1","[object Object]"
"GEHC","Ge Healthcare Technologies Inc","66.57","+3.40","+5.38%","67.70","65.77","7,512,761","16:16 ET","STK","Yes","1","[object Object]"
"GEN","Gen Digital Inc","16.66","+0.01","+0.06%","16.86","16.59","3,505,977","16:10 ET","STK","Yes","1","[object Object]"
"GILD","Gilead Sciences Inc","78.54","+0.77","+0.99%","78.71","77.46","4,536,564","16:19 ET","STK","Yes","1","[object Object]"
"GIS","General Mills","65.24","+0.41","+0.63%","65.38","64.81","3,216,223","10/31/23","STK","Yes","1","[object Object]"
"GL","Globe Life Inc","116.36","+3.00","+2.65%","116.52","114.47","688,944","10/31/23","STK","Yes","1","[object Object]"
"GLW","Corning Inc","26.76","+0.10","+0.38%","26.89","26.62","3,937,338","10/31/23","STK","Yes","1","[object Object]"
"GM","General Motors Company","28.20","+0.84","+3.07%","28.31","27.34","17,398,754","10/31/23","STK","Yes","1","[object Object]"
"GNRC","Generac Holdings Inc","84.07","+1.83","+2.23%","84.92","81.62","1,834,555","10/31/23","STK","Yes","1","[object Object]"
"GOOG","Alphabet Cl C","125.30","-0.45","-0.36%","126.56","123.93","21,028,002","16:19 ET","STK","Yes","1","[object Object]"
"GOOGL","Alphabet Cl A","124.08","-0.38","-0.31%","125.37","122.68","25,919,619","16:19 ET","STK","Yes","1","[object Object]"
"GPC","Genuine Parts Company","128.86","+1.34","+1.05%","129.47","127.44","2,163,347","10/31/23","STK","Yes","1","[object Object]"
"GPN","Global Payments Inc","106.22","+2.42","+2.33%","108.70","103.46","4,260,484","10/31/23","STK","Yes","1","[object Object]"
"GRMN","Garmin Ltd","102.53","+1.25","+1.23%","102.81","101.49","832,871","10/31/23","STK","Yes","1","[object Object]"
"GS","Goldman Sachs Group","303.61","+2.78","+0.92%","304.29","300.70","2,543,006","10/31/23","STK","Yes","1","[object Object]"
"GWW","W.W. Grainger","729.83","+3.77","+0.52%","738.36","721.99","411,840","10/31/23","STK","Yes","1","[object Object]"
"HAL","Halliburton Company","39.34","-0.08","-0.20%","39.79","38.92","6,346,263","10/31/23","STK","Yes","1","[object Object]"
"HAS","Hasbro Inc","45.15","+0.11","+0.24%","45.68","43.29","4,821,391","16:14 ET","STK","Yes","1","[object Object]"
"HBAN","Huntington Bcshs","9.65","+0.09","+0.94%","9.66","9.49","12,408,673","16:18 ET","STK","Yes","1","[object Object]"
"HCA","Hca Holdings Inc","226.14","+2.80","+1.25%","227.02","224.10","1,421,940","10/31/23","STK","Yes","1","[object Object]"
"HD","Home Depot","284.69","+3.21","+1.14%","285.40","281.61","3,029,771","10/31/23","STK","Yes","1","[object Object]"
"HES","Hess Corp","144.40","-0.77","-0.53%","145.90","143.55","4,661,805","10/31/23","STK","Yes","1","[object Object]"
"HIG","Hartford Financial Services Group","73.45","+0.81","+1.12%","73.51","72.46","2,093,744","10/31/23","STK","Yes","1","[object Object]"
"HII","Huntington Ingalls Industries","219.82","+2.47","+1.14%","221.32","217.29","291,283","10/31/23","STK","Yes","1","[object Object]"
"HLT","Hilton Inc","151.53","+0.25","+0.17%","152.58","150.30","1,323,461","10/31/23","STK","Yes","1","[object Object]"
"HOLX","Hologic Inc","66.17","+0.86","+1.32%","66.88","65.57","2,233,154","16:10 ET","STK","Yes","1","[object Object]"
"HON","Honeywell International Inc","183.26","+3.51","+1.95%","183.92","179.18","3,757,766","16:16 ET","STK","Yes","1","[object Object]"
"HPE","Hewlett Packard Enterprise Comp","15.38","+0.08","+0.52%","15.39","15.19","7,910,744","10/31/23","STK","Yes","1","[object Object]"
"HPQ","HP Inc","26.33","+0.17","+0.65%","26.40","25.95","8,402,662","10/31/23","STK","Yes","1","[object Object]"
"HRL","Hormel Foods Corp","32.55","+0.49","+1.53%","32.70","32.18","7,188,082","10/31/23","STK","Yes","1","[object Object]"
"HSIC","Henry Schein Inc","64.98","-1.17","-1.77%","66.73","64.83","2,076,101","16:18 ET","STK","Yes","1","[object Object]"
"HST","Host Marriott Financial Trust","15.48","+0.10","+0.65%","15.50","15.18","7,679,933","16:15 ET","STK","Yes","1","[object Object]"
"HSY","Hershey Foods Corp","187.35","+1.37","+0.74%","188.21","185.13","1,301,955","10/31/23","STK","Yes","1","[object Object]"
"HUBB","Hubbell Inc B","270.10","-13.23","-4.67%","271.71","248.37","2,083,306","10/31/23","STK","Yes","1","[object Object]"
"HUM","Humana Inc","523.69","+5.72","+1.10%","525.49","518.45","1,281,129","10/31/23","STK","Yes","1","[object Object]"
"HWM","Howmet Aerospace Inc","44.10","+0.50","+1.15%","44.15","43.50","2,648,736","10/31/23","STK","Yes","1","[object Object]"
"IBM","International Business Machines","144.64","+2.01","+1.41%","144.76","142.59","6,583,679","10/31/23","STK","Yes","1","[object Object]"
"ICE","Intercontinental Exchange","107.44","+1.41","+1.33%","107.54","105.96","2,377,327","10/31/23","STK","Yes","1","[object Object]"
"IDXX","Idexx Laboratories","399.47","+3.08","+0.78%","403.98","395.71","668,420","16:15 ET","STK","Yes","1","[object Object]"
"IEX","Idex Corp","191.41","+0.88","+0.46%","192.36","190.13","396,371","10/31/23","STK","Yes","1","[object Object]"
"IFF","International Flavors & Fragrances","68.35","+3.09","+4.73%","68.95","65.81","3,074,010","10/31/23","STK","Yes","1","[object Object]"
"ILMN","Illumina Inc","109.42","+1.55","+1.44%","111.27","108.06","1,593,707","16:16 ET","STK","Yes","1","[object Object]"
"INCY","Incyte Corp","53.93","+1.77","+3.39%","54.08","50.27","3,743,696","16:11 ET","STK","Yes","1","[object Object]"
"INTC","Intel Corp","36.50","+0.81","+2.27%","36.57","35.62","40,944,574","16:19 ET","STK","Yes","1","[object Object]"
"INTU","Intuit Inc","494.95","+7.45","+1.53%","496.60","485.45","1,050,361","16:18 ET","STK","Yes","1","[object Object]"
"INVH","Invitation Homes Inc","29.69","+0.42","+1.43%","29.77","29.23","2,888,797","10/31/23","STK","Yes","1","[object Object]"
"IP","International Paper Company","33.73","+0.34","+1.02%","34.11","33.32","3,185,357","10/31/23","STK","Yes","1","[object Object]"
"IPG","Interpublic Group of Companies","28.40","+0.44","+1.57%","28.49","27.97","4,100,025","10/31/23","STK","Yes","1","[object Object]"
"IQV","Iqvia Holdings Inc","180.83","+3.67","+2.07%","181.40","177.52","1,533,776","10/31/23","STK","Yes","1","[object Object]"
"IR","Ingersoll Rand Inc","60.68","+0.11","+0.18%","60.96","60.18","3,694,542","10/31/23","STK","Yes","1","[object Object]"
"IRM","Iron Mountain Inc","59.07","+0.78","+1.34%","59.25","57.98","1,984,497","10/31/23","STK","Yes","1","[object Object]"
"ISRG","Intuitive Surg Inc","262.22","+3.73","+1.44%","263.95","260.17","2,263,411","16:15 ET","STK","Yes","1","[object Object]"
"IT","Gartner Inc","332.04","+2.37","+0.72%","333.34","329.20","572,511","10/31/23","STK","Yes","1","[object Object]"
"ITW","Illinois Tool Works Inc","224.12","+0.54","+0.24%","224.75","221.82","1,767,490","10/31/23","STK","Yes","1","[object Object]"
"IVZ","Invesco Plc","12.97","+0.02","+0.15%","13.03","12.73","4,461,824","10/31/23","UIT","Yes","11","[object Object]"
"J","Jacobs Engineering Group Inc","133.30","+2.10","+1.60%","133.45","131.12","633,040","10/31/23","STK","Yes","1","[object Object]"
"JBHT","J B Hunt Transport","171.87","+2.16","+1.27%","172.75","168.78","755,536","16:07 ET","STK","Yes","1","[object Object]"
"JCI","Johnson Controls Intl","49.02","+0.40","+0.82%","49.17","48.53","4,490,287","10/31/23","STK","Yes","1","[object Object]"
"JKHY","Jack Henry & Assoc","140.99","+1.20","+0.86%","141.89","140.36","482,229","16:10 ET","STK","Yes","1","[object Object]"
"JNJ","Johnson & Johnson","148.34","+1.31","+0.89%","148.54","146.64","7,469,889","10/31/23","STK","Yes","1","[object Object]"
"JNPR","Juniper Networks","26.92","+0.50","+1.89%","27.16","26.54","4,203,797","10/31/23","STK","Yes","1","[object Object]"
"JPM","JP Morgan Chase & Company","139.06","+1.64","+1.19%","139.24","137.47","9,020,619","10/31/23","STK","Yes","1","[object Object]"
"K","Kellanova","50.47","+0.27","+0.54%","50.70","50.14","2,366,946","10/31/23","STK","Yes","1","[object Object]"
"KDP","Keurig Dr Pepper Inc","30.33","+0.31","+1.03%","30.53","30.15","10,570,190","16:09 ET","STK","Yes","1","[object Object]"
"KEY","Keycorp","10.22","+0.14","+1.39%","10.26","9.95","9,700,288","10/31/23","STK","Yes","1","[object Object]"
"KEYS","Keysight Technologies Inc","122.05","+2.31","+1.93%","123.56","119.77","2,059,029","10/31/23","STK","Yes","1","[object Object]"
"KHC","Kraft Heinz Company","31.46","-0.16","-0.51%","31.70","31.08","10,504,715","16:15 ET","STK","Yes","1","[object Object]"
"KIM","Kimco Realty Corp","17.94","+0.66","+3.82%","17.96","17.31","5,969,542","10/31/23","STK","Yes","1","[object Object]"
"KLAC","K L A-Tencor Corp","469.70","+10.16","+2.21%","474.43","453.50","1,314,488","16:19 ET","STK","Yes","1","[object Object]"
"KMB","Kimberly-Clark Corp","119.64","+0.12","+0.10%","120.38","118.76","2,810,485","10/31/23","STK","Yes","1","[object Object]"
"KMI","Kinder Morgan","16.20","+0.07","+0.43%","16.25","16.06","13,078,627","10/31/23","STK","Yes","1","[object Object]"
"KMX","Carmax Inc","61.09","+0.42","+0.69%","61.94","60.70","1,377,349","10/31/23","STK","Yes","1","[object Object]"
"KO","Coca-Cola Company","56.49","+0.34","+0.61%","56.72","56.15","16,628,582","10/31/23","STK","Yes","1","[object Object]"
"KR","Kroger Company","45.37","+0.42","+0.93%","45.72","44.80","3,907,932","10/31/23","STK","Yes","1","[object Object]"
"KVUE","Kenvue Inc","18.60","-0.04","-0.21%","18.88","18.50","77,706,039","10/31/23","STK","Yes","1","[object Object]"
"L","Loews Corp","64.01","+1.08","+1.72%","64.03","63.23","792,398","10/31/23","STK","Yes","1","[object Object]"
"LDOS","Leidos Holdings Inc","99.12","+7.33","+7.99%","99.75","94.57","2,291,101","10/31/23","STK","Yes","1","[object Object]"
"LEN","Lennar Corp","106.68","+2.16","+2.07%","107.22","104.68","1,752,093","10/31/23","STK","Yes","1","[object Object]"
"LH","Laboratory Corp of America Holdings","199.73","+1.57","+0.79%","200.71","197.90","874,769","10/31/23","STK","Yes","1","[object Object]"
"LHX","L3Harris Technologies Inc","179.41","+5.05","+2.90%","180.13","176.15","2,433,421","10/31/23","STK","Yes","1","[object Object]"
"LIN","Linde Plc","382.16","+3.29","+0.87%","384.07","376.70","1,878,425","10/31/23","STK","Yes","1","[object Object]"
"LKQ","LKQ Corp","43.92","+0.53","+1.22%","44.26","43.49","2,681,284","16:08 ET","STK","Yes","1","[object Object]"
"LLY","Eli Lilly and Company","553.93","-11.78","-2.08%","569.61","547.61","3,644,935","10/31/23","STK","Yes","1","[object Object]"
"LMT","Lockheed Martin Corp","454.64","+8.80","+1.97%","455.13","445.41","1,417,909","10/31/23","STK","Yes","1","[object Object]"
"LNT","Alliant Energy Corp","48.79","+0.31","+0.64%","49.00","48.26","1,447,512","16:08 ET","STK","Yes","1","[object Object]"
"LOW","Lowe's Companies","190.57","+2.85","+1.52%","191.07","187.77","3,180,967","10/31/23","STK","Yes","1","[object Object]"
"LRCX","Lam Research Corp","588.22","+4.72","+0.81%","590.78","574.42","816,140","16:19 ET","STK","Yes","1","[object Object]"
"LULU","Lululemon Athletica","393.48","+1.73","+0.44%","395.70","389.01","1,082,180","16:18 ET","STK","Yes","1","[object Object]"
"LUV","Southwest Airlines Company","22.23","-0.28","-1.24%","22.49","21.92","11,874,357","10/31/23","STK","Yes","1","[object Object]"
"LVS","Las Vegas Sands","47.46","-0.36","-0.75%","47.80","47.10","4,580,149","10/31/23","STK","Yes","1","[object Object]"
"LW","Lamb Weston Holdings Inc","89.80","+0.28","+0.31%","90.23","89.07","1,293,837","10/31/23","STK","Yes","1","[object Object]"
"LYB","Lyondellbasell Industries NV","90.24","-0.36","-0.40%","90.75","89.63","1,993,060","10/31/23","STK","Yes","1","[object Object]"
"LYV","Live Nation Entertainment","80.02","+1.42","+1.81%","80.16","78.18","1,785,141","10/31/23","STK","Yes","1","[object Object]"
"MA","Mastercard Inc","376.35","+3.93","+1.06%","377.68","373.11","2,978,215","10/31/23","STK","Yes","1","[object Object]"
"MAA","Mid-America Apartment Communities","118.15","+0.64","+0.54%","118.43","115.74","1,208,489","10/31/23","STK","Yes","1","[object Object]"
"MAR","Marriot Int Cl A","188.56","+0.47","+0.25%","189.18","186.01","1,227,360","16:18 ET","STK","Yes","1","[object Object]"
"MAS","Masco Corp","52.09","+0.26","+0.50%","52.23","51.73","1,903,071","10/31/23","STK","Yes","1","[object Object]"
"MCD","McDonald's Corp","262.17","+2.02","+0.78%","263.69","259.75","3,978,361","10/31/23","STK","Yes","1","[object Object]"
"MCHP","Microchip Technology","71.29","+0.63","+0.89%","71.46","70.21","6,713,571","16:19 ET","STK","Yes","1","[object Object]"
"MCK","Mckesson Corp","455.36","+5.93","+1.32%","456.23","447.74","756,546","10/31/23","STK","Yes","1","[object Object]"
"MCO","Moody's Corp","308.00","+1.68","+0.55%","309.52","303.98","729,459","10/31/23","STK","Yes","1","[object Object]"
"MDLZ","Mondelez Intl Inc","66.21","+0.23","+0.35%","66.32","65.33","5,492,871","16:18 ET","STK","Yes","1","[object Object]"
"MDT","Medtronic Inc","70.56","+0.59","+0.84%","70.95","69.91","10,719,573","10/31/23","STK","Yes","1","[object Object]"
"MET","Metlife Inc","60.01","+0.59","+0.99%","60.07","59.24","2,704,138","10/31/23","STK","Yes","1","[object Object]"
"META","Meta Platforms Inc","301.27","-1.39","-0.46%","303.68","296.86","18,028,574","16:19 ET","STK","Yes","1","[object Object]"
"MGM","MGM Resorts International","34.92","+0.09","+0.26%","35.13","34.43","4,222,396","10/31/23","STK","Yes","1","[object Object]"
"MHK","Mohawk Industries","80.38","+0.91","+1.15%","81.30","79.54","816,994","10/31/23","STK","Yes","1","[object Object]"
"MKC","Mccormick & Company","63.90","+0.12","+0.19%","64.49","63.28","5,916,929","10/31/23","STK","Yes","1","[object Object]"
"MKTX","Marketaxess Holdings","213.75","-0.40","-0.19%","214.06","208.66","360,876","16:18 ET","STK","Yes","1","[object Object]"
"MLM","Martin Marietta Materials","408.94","+3.84","+0.95%","412.75","404.93","387,121","10/31/23","STK","Yes","1","[object Object]"
"MMC","Marsh & Mclennan Companies","189.65","+1.38","+0.73%","189.93","187.82","1,308,050","10/31/23","STK","Yes","1","[object Object]"
"MMM","3M Company","90.95","+1.43","+1.60%","91.57","89.41","4,642,313","10/31/23","STK","Yes","1","[object Object]"
"MNST","Monster Beverage Cp","51.10","+0.42","+0.83%","51.13","50.55","5,686,253","16:15 ET","STK","Yes","1","[object Object]"
"MO","Altria Group","40.17","-0.08","-0.20%","40.56","39.80","14,474,827","10/31/23","STK","Yes","1","[object Object]"
"MOH","Molina Healthcare Inc","332.95","+4.97","+1.52%","334.63","327.36","404,192","10/31/23","STK","Yes","1","[object Object]"
"MOS","Mosaic Company","32.48","-1.00","-2.99%","33.28","32.22","3,592,563","10/31/23","STK","Yes","1","[object Object]"
"MPC","Marathon Petroleum Corp","151.25","+4.39","+2.99%","151.98","144.46","4,138,406","10/31/23","STK","Yes","1","[object Object]"
"MPWR","Monolithic Power Sys","441.74","+37.74","+9.34%","445.02","409.05","1,733,527","16:18 ET","STK","Yes","1","[object Object]"
"MRK","Merck & Company","102.70","+0.02","+0.02%","103.55","101.40","7,522,399","10/31/23","STK","Yes","1","[object Object]"
"MRNA","Moderna Inc","75.96","+1.89","+2.55%","76.15","72.65","3,717,143","16:19 ET","STK","Yes","1","[object Object]"
"MRO","Marathon Oil Corp","27.31","+0.15","+0.55%","27.42","26.87","8,077,423","10/31/23","STK","Yes","1","[object Object]"
"MS","Morgan Stanley","70.82","+0.23","+0.33%","71.02","70.27","8,936,481","10/31/23","STK","Yes","1","[object Object]"
"MSCI","MSCI Inc","471.55","-10.44","-2.17%","476.53","466.23","541,537","10/31/23","STK","Yes","1","[object Object]"
"MSFT","Microsoft Corp","338.11","+0.80","+0.24%","339.00","334.69","19,739,078","16:19 ET","STK","Yes","1","[object Object]"
"MSI","Motorola Solutions","278.46","+2.24","+0.81%","280.00","276.19","589,878","10/31/23","STK","Yes","1","[object Object]"
"MTB","M&T Bank Corp","112.75","+0.71","+0.63%","114.03","111.60","847,967","10/31/23","STK","Yes","1","[object Object]"
"MTCH","Match Group Inc","34.60","+0.56","+1.65%","35.15","34.09","5,944,014","16:19 ET","STK","Yes","1","[object Object]"
"MTD","Mettler-Toledo International","985.20","+22.83","+2.37%","990.28","965.26","178,250","10/31/23","STK","Yes","1","[object Object]"
"MU","Micron Technology","66.87","+0.80","+1.21%","67.07","65.26","8,229,374","16:17 ET","STK","Yes","1","[object Object]"
"NCLH","Norwegian Cruise Ord","13.60","+0.08","+0.59%","13.68","13.20","14,418,328","10/31/23","STK","Yes","1","[object Object]"
"NDAQ","Nasdaq Inc","49.60","+0.69","+1.41%","49.65","48.88","1,738,430","16:18 ET","STK","Yes","1","[object Object]"
"NDSN","Nordson Corp","212.59","+0.43","+0.20%","213.84","212.12","367,067","16:05 ET","STK","Yes","1","[object Object]"
"NEE","Nextera Energy","58.30","+1.10","+1.92%","58.49","57.39","19,947,594","10/31/23","STK","Yes","1","[object Object]"
"NEM","Newmont Mining Corp","37.47","-1.23","-3.18%","38.51","37.14","15,672,444","10/31/23","STK","Yes","1","[object Object]"
"NFLX","Netflix Inc","411.69","+1.61","+0.39%","412.52","404.63","3,866,883","16:19 ET","STK","Yes","1","[object Object]"
"NI","NiSource Inc","25.16","+0.04","+0.16%","25.31","24.89","5,358,717","10/31/23","STK","Yes","1","[object Object]"
"NKE","Nike Inc","102.77","+0.97","+0.95%","102.93","101.40","6,403,798","10/31/23","STK","Yes","1","[object Object]"
"NOC","Northrop Grumman Corp","471.43","+2.75","+0.59%","471.90","463.84","1,089,055","10/31/23","STK","Yes","1","[object Object]"
"NOW","Servicenow Inc","581.85","+13.31","+2.34%","584.84","564.90","1,613,169","10/31/23","STK","Yes","1","[object Object]"
"NRG","NRG Energy","42.38","+0.13","+0.31%","42.42","41.57","2,502,348","10/31/23","STK","Yes","1","[object Object]"
"NSC","Norfolk Southern Corp","190.79","+3.22","+1.72%","191.92","187.75","985,839","10/31/23","STK","Yes","1","[object Object]"
"NTAP","Netapp Inc","72.78","+1.60","+2.25%","72.99","71.18","1,474,476","16:10 ET","STK","Yes","1","[object Object]"
"NTRS","Northern Trust Corp","65.91","+0.79","+1.21%","66.18","64.96","1,318,423","16:07 ET","STK","Yes","1","[object Object]"
"NUE","Nucor Corp","147.79","-1.16","-0.78%","149.64","147.06","1,453,330","10/31/23","STK","Yes","1","[object Object]"
"NVDA","Nvidia Corp","407.80","-3.81","-0.93%","408.79","392.30","51,290,664","16:19 ET","STK","Yes","1","[object Object]"
"NVR","NVR Inc","5,412.62","+10.86","+0.20%","5,484.62","5,410.74","21,378","10/31/23","STK","No","1","[object Object]"
"NWS","News Corp Cl B","21.44","+0.08","+0.37%","21.59","21.30","1,137,984","16:18 ET","STK","Yes","1","[object Object]"
"NWSA","News Corp Cl A","20.68","+0.06","+0.29%","20.87","20.55","3,037,412","16:07 ET","STK","Yes","1","[object Object]"
"NXPI","Nxp Semiconductors","172.43","+2.25","+1.32%","172.86","167.93","2,574,805","16:18 ET","STK","Yes","1","[object Object]"
"O","Realty Income Corp","47.38","+1.16","+2.51%","47.52","45.93","18,198,318","10/31/23","STK","Yes","1","[object Object]"
"ODFL","Old Dominion Freight Line Inc","376.66","-2.48","-0.65%","382.90","374.05","587,149","16:18 ET","STK","Yes","1","[object Object]"
"OKE","Oneok Inc","65.20","-0.41","-0.62%","65.20","64.09","4,051,842","10/31/23","STK","Yes","1","[object Object]"
"OMC","Omnicom Group Inc","74.91","+0.39","+0.52%","74.98","74.09","1,079,291","10/31/23","STK","Yes","1","[object Object]"
"ON","On Semiconductor","62.64","-2.70","-4.13%","65.03","61.72","22,147,346","16:19 ET","STK","Yes","1","[object Object]"
"ORCL","Oracle Corp","103.40","+1.75","+1.72%","103.52","101.10","5,720,476","10/31/23","STK","Yes","1","[object Object]"
"ORLY","O'Reilly Automotive","930.44","+0.30","+0.03%","933.64","924.97","454,795","16:18 ET","STK","Yes","1","[object Object]"
"OTIS","Otis Worldwide Corp","77.21","+0.67","+0.88%","77.40","76.47","2,163,807","10/31/23","STK","Yes","1","[object Object]"
"OXY","Occidental Petroleum Corp","61.81","+0.14","+0.23%","61.95","60.94","5,491,928","10/31/23","STK","Yes","1","[object Object]"
"PANW","Palo Alto Networks Inc","243.02","+4.47","+1.87%","244.04","238.12","2,110,081","16:19 ET","STK","Yes","1","[object Object]"
"PARA","Paramount Global Cl B","10.88","-0.12","-1.09%","11.11","10.82","15,148,206","16:19 ET","STK","Yes","1","[object Object]"
"PAYC","Paycom Software Inc","244.97","+4.91","+2.05%","247.42","239.01","1,204,798","10/31/23","STK","Yes","1","[object Object]"
"PAYX","Paychex Inc","111.05","+0.48","+0.43%","111.31","110.00","1,368,644","16:18 ET","STK","Yes","1","[object Object]"
"PCAR","Paccar Inc","82.53","-1.09","-1.30%","83.47","82.25","2,716,027","16:18 ET","STK","Yes","1","[object Object]"
"PCG","Pacific Gas & Electric Company","16.30","+0.10","+0.62%","16.39","16.11","11,724,750","10/31/23","STK","Yes","1","[object Object]"
"PEAK","Healthpeak Properties Inc","15.55","-0.43","-2.69%","16.20","15.24","12,191,493","10/31/23","STK","Yes","1","[object Object]"
"PEG","Public Service Enterprise Group Inc","61.65","+1.49","+2.48%","61.87","60.43","3,947,872","10/31/23","STK","Yes","1","[object Object]"
"PEP","Pepsico Inc","163.28","+1.00","+0.62%","163.35","161.66","5,877,501","16:19 ET","STK","Yes","1","[object Object]"
"PFE","Pfizer Inc","30.56","+0.01","+0.03%","30.82","29.70","42,610,234","10/31/23","STK","Yes","1","[object Object]"
"PFG","Principal Financial Group Inc","67.68","-0.07","-0.10%","68.51","67.06","1,557,452","16:06 ET","UIT","Yes","11","[object Object]"
"PG","Procter & Gamble Company","150.03","+0.77","+0.52%","150.26","148.64","6,759,532","10/31/23","STK","Yes","1","[object Object]"
"PGR","Progressive Corp","158.09","+2.90","+1.87%","158.45","154.71","2,341,257","10/31/23","STK","Yes","1","[object Object]"
"PH","Parker-Hannifin Corp","368.91","-0.64","-0.17%","368.99","362.49","1,166,159","10/31/23","STK","Yes","1","[object Object]"
"PHM","Pultegroup","73.59","+1.36","+1.88%","73.93","72.45","2,400,020","10/31/23","STK","Yes","1","[object Object]"
"PKG","Packaging Corp of America","153.05","+1.35","+0.89%","154.86","152.25","587,761","10/31/23","STK","Yes","1","[object Object]"
"PLD","Prologis Inc","100.75","+1.87","+1.89%","100.84","98.82","4,477,551","10/31/23","STK","Yes","1","[object Object]"
"PM","Philip Morris International Inc","89.16","-0.23","-0.26%","89.45","88.52","3,297,288","10/31/23","STK","Yes","1","[object Object]"
"PNC","PNC Bank","114.47","+1.58","+1.40%","114.52","112.36","2,233,461","10/31/23","STK","Yes","1","[object Object]"
"PNR","Pentair Ltd","58.12","-0.59","-1.00%","58.50","57.45","2,159,067","10/31/23","STK","Yes","1","[object Object]"
"PNW","Pinnacle West Capital Corp","74.18","-0.17","-0.23%","74.52","73.55","767,473","10/31/23","STK","Yes","1","[object Object]"
"PODD","Insulet Corp","132.57","+1.81","+1.38%","134.02","131.35","867,575","16:17 ET","STK","Yes","1","[object Object]"
"POOL","Pool Corp","315.77","-0.87","-0.27%","317.95","313.68","436,440","16:18 ET","STK","Yes","1","[object Object]"
"PPG","PPG Industries","122.77","+0.95","+0.78%","123.33","121.75","1,970,094","10/31/23","STK","Yes","1","[object Object]"
"PPL","PPL Corp","24.57","+0.18","+0.74%","24.61","24.24","5,436,313","10/31/23","STK","Yes","1","[object Object]"
"PRU","Prudential Financial Inc","91.44","+0.76","+0.84%","91.53","90.43","1,755,772","10/31/23","STK","Yes","1","[object Object]"
"PSA","Public Storage","238.71","-0.11","-0.05%","246.75","233.18","1,485,203","10/31/23","STK","Yes","1","[object Object]"
"PSX","Phillips 66","114.07","+1.63","+1.45%","115.23","112.42","3,618,533","10/31/23","STK","Yes","1","[object Object]"
"PTC","Ptc Inc","140.42","+1.02","+0.73%","140.89","138.45","651,140","16:18 ET","STK","Yes","1","[object Object]"
"PWR","Quanta Services","167.12","+2.36","+1.43%","167.68","164.05","1,570,039","10/31/23","STK","Yes","1","[object Object]"
"PXD","Pioneer Natural Resources Company","239.00","+0.09","+0.04%","240.04","236.32","2,719,365","10/31/23","STK","Yes","1","[object Object]"
"PYPL","Paypal Holdings","51.80","+0.75","+1.47%","51.89","50.80","12,799,841","16:19 ET","STK","Yes","1","[object Object]"
"QCOM","Qualcomm Inc","108.99","+1.16","+1.08%","109.21","106.69","6,439,070","16:19 ET","STK","Yes","1","[object Object]"
"QRVO","Qorvo Inc","87.42","+1.35","+1.57%","87.46","85.35","1,593,908","16:18 ET","STK","Yes","1","[object Object]"
"RCL","Royal Caribbean Cruises Ltd","84.73","-1.13","-1.32%","86.24","83.25","3,344,206","10/31/23","STK","Yes","1","[object Object]"
"REG","Regency Centers Corp","60.26","+2.05","+3.52%","60.28","58.52","1,607,561","16:08 ET","STK","Yes","1","[object Object]"
"REGN","Regeneron Pharmaceuticals","779.89","+2.22","+0.29%","782.26","772.84","382,219","16:16 ET","STK","Yes","1","[object Object]"
"RF","Regions Financial Corp","14.53","+0.31","+2.18%","14.61","14.27","9,567,622","10/31/23","STK","Yes","1","[object Object]"
"RHI","Robert Half Inc","74.77","+0.72","+0.97%","75.05","73.86","597,476","10/31/23","STK","Yes","1","[object Object]"
"RJF","Raymond James Financial","95.44","-0.05","-0.05%","95.74","94.53","811,043","10/31/23","STK","Yes","1","[object Object]"
"RL","Ralph Lauren Corp","112.53","+0.47","+0.42%","112.64","110.10","477,539","10/31/23","STK","Yes","1","[object Object]"
"RMD","Resmed Inc","141.22","+3.77","+2.74%","142.46","138.55","1,335,014","10/31/23","STK","Yes","1","[object Object]"
"ROK","Rockwell Automation Inc","262.81","-0.65","-0.25%","265.10","261.62","807,203","10/31/23","STK","Yes","1","[object Object]"
"ROL","Rollins Inc","37.61","+0.76","+2.06%","37.81","37.14","2,748,615","10/31/23","STK","Yes","1","[object Object]"
"ROP","Roper Industries","488.57","+3.77","+0.78%","491.60","483.99","835,373","16:15 ET","STK","Yes","1","[object Object]"
"ROST","Ross Stores Inc","115.97","+1.27","+1.11%","116.07","114.08","2,397,073","16:18 ET","STK","Yes","1","[object Object]"
"RSG","Republic Services","148.49","+1.24","+0.84%","148.68","146.82","865,615","10/31/23","STK","Yes","1","[object Object]"
"RTX","Rtx Corp","81.39","+2.82","+3.59%","81.55","78.73","18,331,791","10/31/23","STK","Yes","1","[object Object]"
"RVTY","Revvity Inc","82.85","+0.77","+0.94%","85.00","80.97","2,133,929","10/31/23","STK","Yes","1","[object Object]"
"SBAC","SBA Communications","208.63","+3.72","+1.82%","209.70","204.81","779,824","16:05 ET","STK","Yes","1","[object Object]"
"SBUX","Starbucks Corp","92.24","-0.91","-0.98%","93.32","92.00","9,240,620","16:19 ET","STK","Yes","1","[object Object]"
"SCHW","The Charles Schwab Corp","52.04","+1.29","+2.54%","52.17","50.30","13,184,848","10/31/23","STK","Yes","1","[object Object]"
"SEDG","Solaredge Tech","75.95","+0.91","+1.21%","76.79","74.34","2,499,845","16:18 ET","STK","Yes","1","[object Object]"
"SEE","Sealed Air Corp","30.79","-0.70","-2.22%","31.56","30.51","3,263,964","10/31/23","STK","Yes","1","[object Object]"
"SHW","Sherwin-Williams Company","238.21","+2.79","+1.19%","239.24","235.84","1,242,373","10/31/23","STK","Yes","1","[object Object]"
"SJM","J.M. Smucker Company","113.84","+0.19","+0.17%","114.42","112.95","1,531,667","10/31/23","STK","Yes","1","[object Object]"
"SLB","Schlumberger N.V.","55.66","-0.74","-1.31%","56.50","55.44","8,043,375","10/31/23","STK","Yes","1","[object Object]"
"SNA","Snap-On Inc","257.94","+3.45","+1.36%","259.88","255.04","339,312","10/31/23","STK","Yes","1","[object Object]"
"SNPS","Synopsys Inc","469.44","+8.50","+1.84%","472.29","459.08","694,089","16:18 ET","STK","Yes","1","[object Object]"
"SO","Southern Company","67.30","+0.51","+0.76%","67.60","66.70","4,856,295","10/31/23","STK","Yes","1","[object Object]"
"SPG","Simon Property Group","109.89","+4.56","+4.33%","110.10","104.93","2,378,761","10/31/23","STK","Yes","1","[object Object]"
"SPGI","S&P Global Inc","349.31","+4.24","+1.23%","349.41","342.93","1,748,023","10/31/23","STK","Yes","1","[object Object]"
"SRE","Sempra","70.03","+0.54","+0.78%","70.11","69.20","2,482,253","10/31/23","STK","Yes","1","[object Object]"
"STE","Steris Corp","209.98","+0.88","+0.42%","211.36","208.51","585,664","10/31/23","STK","Yes","1","[object Object]"
"STLD","Steel Dynamics Inc","106.51","+1.92","+1.84%","107.06","104.08","1,680,725","16:10 ET","STK","Yes","1","[object Object]"
"STT","State Street Corp","64.63","+0.75","+1.17%","64.95","63.57","1,525,651","10/31/23","STK","Yes","1","[object Object]"
"STX","Seagate Technology Hldgs Plc","68.25","-0.17","-0.25%","68.57","66.93","3,624,621","16:18 ET","STK","Yes","1","[object Object]"
"STZ","Constellation Brands Inc","234.15","+0.05","+0.02%","236.10","233.33","850,157","10/31/23","STK","Yes","1","[object Object]"
"SWK","Stanley Black & Decker Inc","85.05","+0.81","+0.96%","85.18","83.18","2,098,653","10/31/23","STK","Yes","1","[object Object]"
"SWKS","Skyworks Solutions","86.74","+0.29","+0.34%","87.15","85.43","1,649,235","16:18 ET","STK","Yes","1","[object Object]"
"SYF","Synchrony Financial","28.05","-0.28","-0.99%","28.41","27.97","3,935,406","10/31/23","STK","Yes","1","[object Object]"
"SYK","Stryker Corp","270.22","+7.64","+2.91%","271.60","264.85","2,707,000","10/31/23","STK","Yes","1","[object Object]"
"SYY","Sysco Corp","66.49","+0.95","+1.45%","67.09","64.28","6,212,610","10/31/23","STK","Yes","1","[object Object]"
"T","AT&T Inc","15.40","+0.14","+0.92%","15.44","15.25","33,658,875","10/31/23","STK","Yes","1","[object Object]"
"TAP","Molson Coors Brewing Company","57.77","+0.73","+1.28%","58.08","57.25","2,256,748","10/31/23","STK","Yes","1","[object Object]"
"TDG","Transdigm Group Inc","828.09","+8.42","+1.03%","833.90","817.62","358,218","10/31/23","STK","Yes","1","[object Object]"
"TDY","Teledyne Technologies Inc","374.59","+2.23","+0.60%","378.19","372.91","182,734","10/31/23","STK","Yes","1","[object Object]"
"TECH","Bio-Techne Cp","54.63","-2.01","-3.55%","60.63","53.25","3,699,412","16:18 ET","STK","Yes","1","[object Object]"
"TEL","Te Connectivity Ltd","117.85","+1.51","+1.30%","117.91","116.01","1,900,922","10/31/23","STK","Yes","1","[object Object]"
"TER","Teradyne Inc","83.27","-0.19","-0.23%","84.07","82.65","1,538,799","16:19 ET","STK","Yes","1","[object Object]"
"TFC","Truist Financial Corp","28.36","+0.18","+0.64%","28.42","27.88","10,504,712","10/31/23","STK","Yes","1","[object Object]"
"TFX","Teleflex Inc","184.75","+5.36","+2.99%","186.24","178.83","464,059","10/31/23","STK","Yes","1","[object Object]"
"TGT","Target Corp","110.79","+2.12","+1.95%","111.28","108.46","5,533,732","10/31/23","STK","Yes","1","[object Object]"
"TJX","TJX Companies","88.07","-0.20","-0.23%","88.44","87.31","6,524,313","10/31/23","STK","Yes","1","[object Object]"
"TMO","Thermo Fisher Scientific Inc","444.77","+10.66","+2.46%","446.60","433.15","2,851,007","10/31/23","STK","Yes","1","[object Object]"
"TMUS","T-Mobile US","143.86","+2.29","+1.62%","144.23","141.29","3,921,144","16:18 ET","STK","Yes","1","[object Object]"
"TPR","Tapestry Inc","27.56","-0.50","-1.78%","27.90","27.48","3,916,751","10/31/23","STK","Yes","1","[object Object]"
"TRGP","Targa Resources","83.61","+0.01","+0.01%","84.22","82.89","1,549,348","10/31/23","STK","Yes","1","[object Object]"
"TRMB","Trimble Navigation","47.13","+0.77","+1.66%","47.18","46.19","1,245,247","16:10 ET","STK","Yes","1","[object Object]"
"TROW","T Rowe Price Group","90.50","+0.48","+0.53%","91.11","89.22","2,683,133","16:18 ET","UIT","Yes","11","[object Object]"
"TRV","The Travelers Companies Inc","167.44","+1.93","+1.17%","168.45","166.56","1,861,737","10/31/23","STK","Yes","1","[object Object]"
"TSCO","Tractor Supply Company","192.56","+1.37","+0.72%","193.24","190.22","896,194","16:18 ET","STK","Yes","1","[object Object]"
"TSLA","Tesla Inc","200.84","+3.48","+1.76%","202.80","194.07","117,522,641","16:19 ET","STK","Yes","1","[object Object]"
"TSN","Tyson Foods","46.35","+0.08","+0.17%","46.54","46.05","2,370,049","10/31/23","STK","Yes","1","[object Object]"
"TT","Trane Technologies Plc","190.31","+2.23","+1.19%","191.03","186.24","1,828,827","10/31/23","STK","Yes","1","[object Object]"
"TTWO","Take-Two Interactive","133.75","+0.40","+0.30%","134.25","132.24","1,137,242","16:17 ET","STK","Yes","1","[object Object]"
"TXN","Texas Instruments","142.01","+1.51","+1.07%","143.04","140.03","6,569,114","16:18 ET","STK","Yes","1","[object Object]"
"TXT","Textron Inc","76.00","+0.20","+0.26%","76.11","75.21","1,620,350","10/31/23","STK","Yes","1","[object Object]"
"TYL","Tyler Technologies","372.90","+5.13","+1.39%","376.36","366.13","404,676","10/31/23","STK","Yes","1","[object Object]"
"UAL","United Airlines Holdings Inc","35.01","+0.21","+0.60%","35.03","34.24","6,777,400","16:19 ET","STK","Yes","1","[object Object]"
"UDR","United Dominion Realty Trust","31.81","+0.19","+0.60%","32.12","31.21","5,046,392","10/31/23","STK","Yes","1","[object Object]"
"UHS","Universal Health Services","125.89","+2.06","+1.66%","126.20","123.80","428,439","10/31/23","STK","Yes","1","[object Object]"
"ULTA","Ulta Beauty Inc","381.31","+2.07","+0.55%","383.62","375.04","752,881","16:12 ET","STK","Yes","1","[object Object]"
"UNH","Unitedhealth Group Inc","535.56","+5.57","+1.05%","536.68","531.62","2,462,438","10/31/23","STK","Yes","1","[object Object]"
"UNP","Union Pacific Corp","207.61","+1.81","+0.88%","207.91","204.63","2,056,615","10/31/23","STK","Yes","1","[object Object]"
"UPS","United Parcel Service","141.25","+2.47","+1.78%","141.32","138.21","3,949,509","10/31/23","STK","Yes","1","[object Object]"
"URI","United Rentals","406.27","-4.68","-1.14%","409.08","395.44","881,418","10/31/23","STK","Yes","1","[object Object]"
"USB","U.S. Bancorp","31.88","+0.57","+1.82%","31.89","30.88","12,272,428","10/31/23","STK","Yes","1","[object Object]"
"V","Visa Inc","235.10","+2.02","+0.87%","235.72","232.99","4,816,083","10/31/23","STK","Yes","1","[object Object]"
"VFC","V.F. Corp","14.73","-2.39","-13.96%","16.75","14.43","35,369,500","10/31/23","STK","Yes","1","[object Object]"
"VICI","Vici Properties Inc","27.90","+0.72","+2.65%","27.93","27.35","6,831,415","10/31/23","STK","Yes","1","[object Object]"
"VLO","Valero Energy Corp","127.00","+2.76","+2.22%","127.09","123.35","3,912,726","10/31/23","STK","Yes","1","[object Object]"
"VLTO","Veralto Corporation","69.00","+0.64","+0.94%","69.73","67.65","3,336,391","10/31/23","STK","Yes","1","[object Object]"
"VMC","Vulcan Materials Company","196.49","+0.50","+0.26%","199.18","195.80","1,221,802","10/31/23","STK","Yes","1","[object Object]"
"VRSK","Verisk Analytics Inc","227.36","+2.87","+1.28%","227.91","223.96","1,171,752","16:18 ET","STK","Yes","1","[object Object]"
"VRSN","Verisign Inc","199.66","+1.53","+0.77%","199.96","197.09","574,711","16:15 ET","STK","Yes","1","[object Object]"
"VRTX","Vertex Pharmaceutic","362.11","+4.66","+1.30%","363.10","353.13","987,528","16:18 ET","STK","Yes","1","[object Object]"
"VTR","Ventas Inc","42.46","+0.91","+2.19%","42.61","41.69","2,200,984","10/31/23","STK","Yes","1","[object Object]"
"VTRS","Viatris Inc","8.90","+0.06","+0.68%","8.94","8.78","7,546,941","16:10 ET","STK","Yes","1","[object Object]"
"VZ","Verizon Communications Inc","35.13","+0.51","+1.47%","35.21","34.67","28,874,967","10/31/23","STK","Yes","1","[object Object]"
"WAB","Wabtec Corp","106.02","+0.48","+0.45%","106.83","105.17","1,419,923","10/31/23","STK","Yes","1","[object Object]"
"WAT","Waters Corp","238.53","+1.83","+0.77%","245.10","237.54","824,676","10/31/23","STK","Yes","1","[object Object]"
"WBA","Walgreens Boots Alliance","21.08","-0.02","-0.09%","21.23","20.73","11,851,999","16:18 ET","STK","Yes","1","[object Object]"
"WBD","Discovery Inc Series A","9.94","+0.09","+0.91%","10.11","9.80","19,959,090","16:18 ET","STK","Yes","1","[object Object]"
"WDC","Western Digital Cp","40.15","-1.65","-3.95%","41.50","38.43","19,470,031","16:18 ET","STK","Yes","1","[object Object]"
"WEC","Wisconsin Energy Corp","81.39","-0.21","-0.26%","83.79","80.10","3,728,902","10/31/23","STK","Yes","1","[object Object]"
"WELL","Welltower Inc","83.61","+1.74","+2.13%","85.65","82.54","4,147,898","10/31/23","STK","Yes","1","[object Object]"
"WFC","Wells Fargo & Company","39.77","+0.34","+0.86%","39.81","39.24","10,752,891","10/31/23","STK","Yes","1","[object Object]"
"WHR","Whirlpool Corp","104.56","+2.03","+1.98%","105.17","102.04","891,415","10/31/23","STK","Yes","1","[object Object]"
"WM","Waste Management","164.33","+1.58","+0.97%","164.69","162.03","1,539,774","10/31/23","STK","Yes","1","[object Object]"
"WMB","Williams Companies","34.40","+0.17","+0.50%","34.58","34.13","6,446,399","10/31/23","STK","Yes","1","[object Object]"
"WMT","Walmart Inc","163.41","+0.39","+0.24%","163.62","161.95","4,638,044","10/31/23","STK","Yes","1","[object Object]"
"WRB","W.R. Berkley Corp","67.42","+0.71","+1.06%","67.68","66.36","2,823,702","10/31/23","STK","Yes","1","[object Object]"
"WRK","Westrock Company","35.93","+0.50","+1.41%","36.29","35.58","1,779,002","10/31/23","STK","Yes","1","[object Object]"
"WST","West Pharmaceutical Services","318.29","-1.57","-0.49%","328.48","317.86","673,381","10/31/23","STK","Yes","1","[object Object]"
"WTW","Willis Towers Watson Public Ltd","235.89","+3.10","+1.33%","237.13","233.04","822,464","16:15 ET","STK","Yes","1","[object Object]"
"WY","Weyerhaeuser Company","28.69","+0.14","+0.49%","28.89","28.48","3,835,609","10/31/23","STK","Yes","1","[object Object]"
"WYNN","Wynn Resorts Ltd","87.78","-0.30","-0.34%","88.15","86.82","1,458,658","16:15 ET","STK","Yes","1","[object Object]"
"XEL","XCEL Energy Inc","59.27","+0.53","+0.90%","59.40","58.62","3,592,806","16:17 ET","STK","Yes","1","[object Object]"
"XOM","Exxon Mobil Corp","105.85","-0.03","-0.03%","106.16","104.54","22,126,453","10/31/23","STK","Yes","1","[object Object]"
"XRAY","Dentsply Sirona Inc","30.41","+0.42","+1.40%","30.94","30.04","3,623,743","16:15 ET","STK","Yes","1","[object Object]"
"XYL","Xylem Inc","93.54","+4.27","+4.78%","96.50","91.42","3,431,908","10/31/23","STK","Yes","1","[object Object]"
"YUM","Yum! Brands","120.86","+0.99","+0.83%","121.36","119.42","2,004,026","10/31/23","STK","Yes","1","[object Object]"
"ZBH","Zimmer Biomet Holdings","104.41","+1.00","+0.97%","105.17","103.49","1,381,670","10/31/23","STK","Yes","1","[object Object]"
"ZBRA","Zebra Technologies","209.43","-0.34","-0.16%","215.00","203.09","914,240","16:18 ET","STK","Yes","1","[object Object]"
"ZION","Zions Bancorp","30.85","+0.87","+2.90%","30.98","29.78","2,387,312","16:18 ET","STK","Yes","1","[object Object]"
"ZTS","Zoetis Inc Cl A","157.00","unch","unch","158.53","156.09","3,208,593","10/31/23","STK","Yes","1","[object Object]"